{"stats":{"minecraft:picked_up":{"minecraft:wooden_pickaxe":1,"minecraft:dandelion":1,"minecraft:poppy":1,"minecraft:spruce_log":16,"minecraft:dirt":20,"minecraft:cobblestone":10},"minecraft:used":{"minecraft:dirt":19,"minecraft:crafting_table":1,"minecraft:poppy":1,"minecraft:wooden_pickaxe":11,"minecraft:dandelion":1,"minecraft:spruce_log":6},"minecraft:crafted":{"minecraft:crafting_table":1,"minecraft:spruce_planks":38,"minecraft:stick":8,"minecraft:wooden_pickaxe":1},"minecraft:custom":{"minecraft:time_since_rest":7271,"minecraft:sprint_one_cm":6986,"minecraft:play_time":7271,"minecraft:walk_one_cm":13241,"minecraft:sneak_time":10,"minecraft:drop":1,"minecraft:jump":132,"minecraft:walk_on_water_one_cm":1063,"minecraft:leave_game":1,"minecraft:time_since_death":7271,"minecraft:total_world_time":7271,"minecraft:interact_with_crafting_table":1,"minecraft:fall_one_cm":1463,"minecraft:fly_one_cm":8037},"minecraft:dropped":{"minecraft:wooden_pickaxe":1},"minecraft:mined":{"minecraft:grass":1,"minecraft:grass_block":10,"minecraft:poppy":1,"minecraft:dirt":10,"minecraft:stone":10,"minecraft:spruce_log":16,"minecraft:dandelion":1}},"DataVersion":3465}