{"stats":{"minecraft:picked_up":{"minecraft:dandelion":1,"minecraft:wooden_pickaxe":1,"minecraft:gunpowder":1,"minecraft:spruce_log":16,"minecraft:dirt":46,"minecraft:bone":4,"minecraft:arrow":3,"minecraft:poppy":1,"minecraft:snowball":22,"minecraft:cobblestone":13},"minecraft:used":{"minecraft:stone_sword":11,"minecraft:poppy":1,"minecraft:wooden_pickaxe":14,"minecraft:dirt":27,"minecraft:crafting_table":2,"minecraft:dandelion":1,"minecraft:spruce_log":6},"minecraft:crafted":{"minecraft:crafting_table":2,"minecraft:spruce_planks":38,"minecraft:stick":8,"minecraft:wooden_pickaxe":1,"minecraft:stone_pickaxe":1,"minecraft:stone_sword":2,"minecraft:stone_axe":1},"minecraft:killed_by":{"minecraft:stray":1},"minecraft:custom":{"minecraft:time_since_rest":1290,"minecraft:sprint_one_cm":26269,"minecraft:damage_taken":470,"minecraft:walk_one_cm":46959,"minecraft:mob_kills":3,"minecraft:drop":2,"minecraft:damage_dealt":560,"minecraft:interact_with_crafting_table":3,"minecraft:fly_one_cm":22692,"minecraft:crouch_one_cm":474,"minecraft:play_time":19090,"minecraft:deaths":2,"minecraft:sneak_time":137,"minecraft:jump":363,"minecraft:leave_game":2,"minecraft:walk_on_water_one_cm":1227,"minecraft:time_since_death":1253,"minecraft:total_world_time":19090,"minecraft:fall_one_cm":9492},"minecraft:killed":{"minecraft:skeleton":2,"minecraft:creeper":1},"minecraft:dropped":{"minecraft:wooden_pickaxe":2},"minecraft:mined":{"minecraft:spruce_log":16,"minecraft:dandelion":1,"minecraft:grass":1,"minecraft:grass_block":15,"minecraft:poppy":1,"minecraft:dirt":14,"minecraft:stone":13}},"DataVersion":3465}