{"stats":{"minecraft:picked_up":{"minecraft:dandelion":1,"minecraft:wooden_pickaxe":1,"minecraft:porkchop":1,"minecraft:oak_log":6,"minecraft:gunpowder":2,"minecraft:spruce_log":28,"minecraft:dirt":67,"minecraft:white_carpet":6,"minecraft:stone_sword":2,"minecraft:bone":8,"minecraft:arrow":6,"minecraft:wheat_seeds":1,"minecraft:stone_axe":1,"minecraft:spruce_planks":25,"minecraft:stone_pickaxe":1,"minecraft:poppy":1,"minecraft:sugar_cane":20,"minecraft:iron_bars":1,"minecraft:snowball":44,"minecraft:cobblestone":63,"minecraft:egg":1},"minecraft:used":{"minecraft:iron_bars":1,"minecraft:stone_sword":21,"minecraft:stone_pickaxe":52,"minecraft:poppy":1,"minecraft:wooden_pickaxe":14,"minecraft:stone_axe":19,"minecraft:dirt":30,"minecraft:cobblestone":9,"minecraft:white_carpet":6,"minecraft:crafting_table":3,"minecraft:cooked_porkchop":1,"minecraft:spruce_fence":9,"minecraft:dandelion":1,"minecraft:snowball":16,"minecraft:spruce_log":6,"minecraft:splash_potion":1},"minecraft:crafted":{"minecraft:oak_planks":24,"minecraft:cooked_porkchop":1,"minecraft:crafting_table":3,"minecraft:spruce_planks":86,"minecraft:stick":56,"minecraft:wooden_pickaxe":1,"minecraft:stone_pickaxe":1,"minecraft:stone_sword":2,"minecraft:spruce_fence":18,"minecraft:stone_axe":1,"minecraft:air":0},"minecraft:killed_by":{"minecraft:stray":1},"minecraft:custom":{"minecraft:time_since_rest":13290,"minecraft:interact_with_furnace":2,"minecraft:sprint_one_cm":63290,"minecraft:damage_taken":520,"minecraft:walk_one_cm":91826,"minecraft:mob_kills":4,"minecraft:drop":2,"minecraft:damage_dealt":773,"minecraft:interact_with_crafting_table":4,"minecraft:fly_one_cm":61176,"minecraft:open_chest":2,"minecraft:crouch_one_cm":474,"minecraft:play_time":31090,"minecraft:deaths":2,"minecraft:sneak_time":160,"minecraft:walk_under_water_one_cm":1316,"minecraft:jump":614,"minecraft:interact_with_brewingstand":1,"minecraft:leave_game":2,"minecraft:walk_on_water_one_cm":1730,"minecraft:time_since_death":13253,"minecraft:climb_one_cm":2462,"minecraft:total_world_time":31090,"minecraft:fall_one_cm":16473},"minecraft:killed":{"minecraft:skeleton":2,"minecraft:pig":1,"minecraft:creeper":1},"minecraft:dropped":{"minecraft:wooden_pickaxe":2},"minecraft:mined":{"minecraft:white_carpet":6,"minecraft:spruce_log":28,"minecraft:dandelion":1,"minecraft:oak_log":6,"minecraft:grass":4,"minecraft:grass_block":16,"minecraft:poppy":1,"minecraft:iron_bars":1,"minecraft:dirt":15,"minecraft:cobblestone":1,"minecraft:spruce_leaves":1,"minecraft:fern":5,"minecraft:stone":61,"minecraft:sugar_cane":1}},"DataVersion":3465}